Customer_ID,Category,Tags,Suggested_Action,Confidence
C001,Positive,"Food Quality, Delivery Time, Overall Experience","Maintain high standards for food quality and delivery speed",High
C002,Negative,"Delivery Time, Food Quality, Overall Experience","Investigate delivery delays and order accuracy issues immediately",High
C003,Neutral,"Delivery Time, Food Quality","Optimize delivery routes to ensure food arrives hot",High
C004,Positive,"Food Quality, Delivery Time, Overall Experience","Continue seamless ordering and timely delivery for events",High
C005,Positive,"Delivery Time, Food Quality, Overall Experience","Maintain fast delivery and excellent food quality",High
C006,Neutral,"Food Quality, Price","Review menu pricing and ingredient freshness for specialty items",High
C007,Positive,"Food Quality, Delivery Time","Continue offering generous portions and timely delivery",High
C008,Positive,"Food Quality, Delivery Time","Maintain consistent food quality and professional delivery service",High
C009,Positive,"Delivery Time, Food Quality","Highlight exceptionally fast delivery in marketing efforts",High
C010,Negative,"Delivery Time, Food Quality, Overall Experience","Address driver professionalism and food quality issues immediately",High
C011,Positive,"Food Quality, Delivery Time","Maintain consistent food quality and reliable delivery service",High
C012,Neutral,"Delivery Time, Food Quality","Improve delivery time accuracy and speed for all orders",High
C013,Positive,"Food Quality, Delivery Time","Continue providing delicious food and prompt delivery",High
C014,Neutral,"Food Quality, Delivery Time","Maintain current food quality and reasonable delivery times",High
C015,Positive,"Food Quality, Delivery Time, Overall Experience","Continue providing fast delivery and incredible food",High
C016,Positive,"Delivery Time, Packaging, Overall Experience","Maintain quick delivery and careful food packaging",High
C017,Negative,"Delivery Time, Food Quality","Address slow delivery and ensure food arrives hot",High
C018,Positive,"Food Quality, Delivery Time","Maintain fresh ingredients and top-notch delivery service",High
C019,Neutral,"Food Quality, Delivery Time","Maintain satisfactory food quality and average delivery times",High
C020,Positive,"Delivery Time, Food Quality","Highlight fast delivery and excellent food quality",High
C021,Neutral,"Food Quality, Delivery Time","Maintain average food quality and on-time delivery",High
C022,Positive,"Food Quality, Overall Experience","Maintain reliable service and delicious meals",High
C023,Positive,"Delivery Time, Food Quality, Packaging","Highlight early delivery and fresh food quality",High
C024,Neutral,"Delivery Time, Food Quality","Review initial delivery time estimates for customer satisfaction",High
C025,Positive,"Delivery Time, Food Quality, Overall Experience","Maintain exceptional service and fast delivery",High
C026,Negative,"Delivery Time, Food Quality, Overall Experience","Address late deliveries and missing items immediately",High
C027,Positive,"Delivery Time, Overall Experience","Maintain dependable delivery and wide menu variety",High
C028,Neutral,"Food Quality, Delivery Time","Maintain expected food quality and delivery time",High
C029,Positive,"Delivery Time, Food Quality","Highlight incredibly fast delivery and high food quality",High
C030,Neutral,"Delivery Time, Food Quality","Improve delivery speed for customer satisfaction",High
C031,Positive,"Food Quality, Overall Experience","Maintain great food and professional delivery service",High
C032,Neutral,"Delivery Time, Food Quality","Improve delivery speed for better customer experience",High
C033,Positive,"Delivery Time, Food Quality","Maintain fresh, hot food and seamless delivery",High
C034,Negative,"Delivery Time, Food Quality","Improve driver navigation and ensure food arrives hot",High
C035,Positive,"Delivery Time, Food Quality, Overall Experience","Maintain efficient service and fast delivery",High
C036,Neutral,"Food Quality, Delivery Time","Maintain standard food quality and on-time delivery",High