Customer_ID,City,Delivery_Time,Category,Tags,Suggested_Action
C001,New York,28,Positive,"Delivery Time, Food Quality, Overall Experience","Maintain high standards for food quality and delivery speed"
C002,Los Angeles,95,Negative,"Delivery Time, Food Quality, Packaging, Overall Experience","Address late deliveries, wrong orders, and poor customer service"
C003,Chicago,58,Negative,"Delivery Time, Food Quality, Overall Experience","Optimize delivery routes to ensure timely and hot food"
C004,Houston,33,Positive,"Delivery Time, Food Quality, Overall Experience","Continue excellent service for large orders and events"
C005,Phoenix,26,Positive,"Delivery Time, Food Quality, Overall Experience","Maintain fast delivery and high food quality"
C006,Philadelphia,62,Negative,"Food Quality, Price, Overall Experience","Review pricing, portion sizes, and food quality expectations"
C007,San Antonio,40,Positive,"Delivery Time, Food Quality, Overall Experience","Maintain generous portions and timely delivery"
C008,San Diego,31,Positive,"Delivery Time, Food Quality, Overall Experience","Continue consistent quality and professional delivery service"
C009,Dallas,22,Positive,"Delivery Time, Food Quality, Overall Experience","Highlight fast delivery and hot food in marketing"
C010,San Jose,85,Negative,"Delivery Time, Food Quality, Overall Experience","Investigate and resolve issues with cold, poor quality food"
C011,Austin,38,Neutral,"Delivery Time, Food Quality, Overall Experience","Maintain consistent food quality and reliable delivery"
C012,Jacksonville,55,Negative,"Delivery Time, Food Quality","Improve delivery speed to meet customer expectations"
C013,Fort Worth,30,Positive,"Delivery Time, Food Quality, Overall Experience","Maintain prompt delivery and delicious food"
C014,Columbus,48,Neutral,"Delivery Time, Food Quality","Continue current service levels"
C015,Charlotte,42,Positive,"Delivery Time, Food Quality, Overall Experience","Maintain seamless ordering, fast delivery, and great food"
C016,San Francisco,25,Positive,"Delivery Time, Packaging, Overall Experience","Continue quick delivery and careful food packaging"
C017,Indianapolis,70,Negative,"Delivery Time, Food Quality","Address slow delivery and cold, soggy food issues"
C018,Seattle,34,Positive,"Delivery Time, Food Quality, Overall Experience","Maintain fresh food quality and top-notch delivery service"
C019,Denver,53,Neutral,"Delivery Time, Food Quality","Continue current service levels"
C020,Washington,29,Positive,"Delivery Time, Food Quality, Overall Experience","Maintain fast delivery and excellent food quality"
C021,Boston,45,Neutral,"Delivery Time, Food Quality, Overall Experience","Continue current service levels"
C022,El Paso,41,Positive,"Food Quality, Overall Experience","Maintain reliable service and delicious meals"
C023,Detroit,32,Positive,"Delivery Time, Food Quality, Packaging, Overall Experience","Maintain early delivery, hot food, and quality packaging"
C024,Nashville,64,Negative,"Delivery Time, Food Quality, Overall Experience","Review initial delivery time estimates for customer satisfaction"
C025,Portland,27,Positive,"Delivery Time, Food Quality, Overall Experience","Maintain exceptional service, food quality, and fast delivery"
C026,Memphis,93,Negative,"Delivery Time, Food Quality, Packaging, Overall Experience","Address late deliveries, missing items, and poor customer service"
C027,Oklahoma City,36,Positive,"Delivery Time, Overall Experience","Maintain dependable delivery and diverse menu options"
C028,Las Vegas,49,Neutral,"Delivery Time, Food Quality","Continue current service levels"
C029,Louisville,24,Positive,"Delivery Time, Food Quality, Overall Experience","Maintain fast delivery and high food quality"
C030,Baltimore,65,Negative,"Delivery Time, Food Quality","Improve delivery speed to enhance customer satisfaction"
C031,Milwaukee,39,Positive,"Delivery Time, Food Quality, Overall Experience","Maintain consistent food quality and professional delivery"
C032,Albuquerque,56,Neutral,"Delivery Time, Food Quality","Address slow delivery times to improve customer experience"
C033,Tucson,34,Positive,"Delivery Time, Food Quality, Overall Experience","Maintain fresh, hot food and seamless delivery"
C034,Fresno,78,Negative,"Delivery Time, Food Quality, Overall Experience","Improve driver navigation and ensure food arrives hot"
C035,Sacramento,23,Positive,"Delivery Time, Food Quality, Overall Experience","Maintain efficient service, delicious food, and fast delivery"
C036,Kansas City,46,Neutral,"Delivery Time, Food Quality","Continue current service levels"
C037,Mesa,43,Positive,"Delivery Time, Food Quality, Overall Experience","Maintain food quality and efficient service"
C038,Atlanta,60,Neutral,"Delivery Time, Food Quality","Address slow delivery times to improve customer experience"
C039,Omaha,37,Positive,"Delivery Time, Food Quality, Overall Experience","Maintain great meals and fast delivery service"
C040,Colorado Springs,50,Neutral,"Delivery Time, Food Quality","Continue current service levels"
C041,Raleigh,28,Positive,"Delivery Time, Food Quality, Overall Experience","Maintain quick delivery of hot, delicious food"
C042,Miami,86,Negative,"Delivery Time, Food Quality, Overall Experience","Address long waits, cold food, and poor quality"
C043,Long Beach,35,Positive,"Delivery Time, Food Quality, Overall Experience","Maintain tasty food and consistently on-time delivery"
C044,Virginia Beach,61,Neutral,"Delivery Time, Food Quality","Address slow delivery times to improve customer experience"
C045,Oakland,30,Positive,"Delivery Time, Food Quality, Overall Experience","Maintain quick, easy, and delicious meal delivery service"
C046,Minneapolis,54,Neutral,"Delivery Time, Food Quality, Overall Experience","Seek feedback to elevate "okay" to "memorable""
C047,Tampa,44,Positive,"Delivery Time, Food Quality, Overall Experience","Maintain consistent food quality and reliable delivery"
C048,Arlington,29,Positive,"Delivery Time, Food Quality, Overall Experience","Maintain fast delivery of fresh and tasty food"
C049,New Orleans,47,Neutral,"Delivery Time, Food Quality","Continue current service levels"
C050,Cleveland,32,Positive,"Delivery Time, Food Quality, Overall Experience","Maintain prompt delivery and friendly driver service"
C051,Bakersfield,71,Negative,"Delivery Time, Food Quality, Overall Experience","Address late delivery and ensure food freshness"
C052,Aurora,26,Positive,"Delivery Time, Food Quality, Overall Experience","Maintain fast delivery and amazing food quality"
C053,Anaheim,57,Neutral,"Delivery Time, Food Quality","Address slow delivery times to improve customer experience"
C054,Honolulu,38,Positive,"Delivery Time, Food Quality, Overall Experience","Maintain delicious food and dependable delivery service"
C055,Santa Ana,51,Neutral,"Delivery Time, Food Quality","Continue current service levels"
C056,Riverside,27,Positive,"Delivery Time, Food Quality, Overall Experience","Maintain quick delivery and excellent food quality"
C057,Corpus Christi,66,Neutral,"Delivery Time, Food Quality","Address slow delivery times to improve customer experience"
C058,Lexington,40,Positive,"Delivery Time, Food Quality, Overall Experience","Maintain consistently good food and reliable delivery"
C059,Stockton,59,Neutral,"Delivery Time, Food Quality, Overall Experience","Seek feedback to elevate "average" to "memorable""
C060,St. Paul,33,Positive,"Delivery Time, Food Quality, Overall Experience","Maintain on-time delivery of fresh, hot food"
C061,Cincinnati,96,Negative,"Delivery Time, Food Quality, Overall Experience","Address wrong orders and extremely long delivery times"
C062,Greensboro,25,Positive,"Delivery Time, Food Quality, Overall Experience","Maintain fast, friendly service and delicious food"
C063,Pittsburgh,48,Neutral,"Delivery Time, Food Quality","Continue current service levels"
C064,Irvine,39,Positive,"Delivery Time, Food Quality, Overall Experience","Maintain top-quality food and efficient delivery"
C065,St. Louis,76,Negative,"Delivery Time, Food Quality, Overall Experience","Address cold food and significant delivery delays"
C066,Orlando,31,Positive,"Delivery Time, Food Quality, Packaging, Overall Experience","Maintain early delivery of delicious, well-packaged food"
C067,Durham,63,Neutral,"Delivery Time, Food Quality","Address slow delivery times to improve customer experience"
C068,Plano,28,Positive,"Delivery Time, Food Quality, Overall Experience","Maintain fast, friendly, and delicious delivery service"
C069,Newark,52,Neutral,"Delivery Time, Food Quality","Continue current service levels"
C070,Chandler,36,Positive,"Delivery Time, Food Quality, Overall Experience","Maintain consistent food quality and on-time delivery"
C071,Laredo,46,Neutral,"Delivery Time, Food Quality","Continue current service levels"
C072,Chula Vista,29,Positive,"Delivery Time, Food Quality, Overall Experience","Maintain speed and quality of service with fantastic food"
C073,Buffalo,58,Neutral,"Delivery Time, Food Quality","Address slow delivery times to improve customer experience"
C074,Madison,34,Positive,"Delivery Time, Food Quality, Overall Experience","Maintain reliable choice for tasty, delivered meals"
C075,Fort Wayne,50,Neutral,"Delivery Time, Food Quality","Continue current service levels"
C076,Reno,27,Positive,"Delivery Time, Food Quality, Overall Experience","Maintain incredibly fast delivery of hot, fresh food"
C077,Gilbert,73,Negative,"Delivery Time, Food Quality, Overall Experience","Address long delivery times and cold, unappetizing food"
C078,Glendale,41,Positive,"Delivery Time, Food Quality, Overall Experience","Maintain delicious food and prompt delivery service"
C079,Winston-Salem,64,Neutral,"Delivery Time, Food Quality","Address slow delivery times to improve customer experience"
C080,Scottsdale,35,Positive,"Delivery Time, Food Quality, Overall Experience","Maintain fast and tasty delivery experience"
C081,Irving,55,Neutral,"Delivery Time, Food Quality, Overall Experience","Seek feedback to elevate "average" to "memorable""
C082,Garland,30,Positive,"Delivery Time, Food Quality, Overall Experience","Maintain quick delivery of delicious food"
C083,Chesapeake,47,Neutral,"Delivery Time, Food Quality","Continue current service levels"
C084,North Las Vegas,26,Positive,"Delivery Time, Packaging, Overall Experience","Maintain speedy delivery and perfect food packaging"
C085,Fremont,60,Neutral,"Delivery Time, Food Quality","Address slow delivery times to improve customer experience"
C086,Boise,37,Positive,"Delivery Time, Food Quality, Overall Experience","Maintain consistent food quality and reliable delivery"
C087,Richmond,53,Neutral,"Delivery Time, Food Quality","Continue current service levels"
C088,San Bernardino,32,Positive,"Delivery Time, Food Quality, Overall Experience","Maintain fast delivery of hot and fresh food"
C089,Spokane,94,Negative,"Delivery Time, Food Quality, Overall Experience","Address extremely late delivery and poor food quality"
C090,Tacoma,29,Positive,"Delivery Time, Food Quality, Overall Experience","Maintain excellent food and speedy delivery service"
C091,Des Moines,49,Neutral,"Delivery Time, Food Quality","Continue current service levels"
C092,Modesto,44,Positive,"Delivery Time, Food Quality, Overall Experience","Maintain delicious food and on-time delivery"
C093,Fontana,81,Negative,"Delivery Time, Food Quality, Overall Experience","Address late delivery and cold food issues"
C094,Moreno Valley,84,Negative,"Delivery Time, Food Quality, Overall Experience","Improve driver navigation and ensure food arrives hot"
C095,Fayetteville,75,Negative,"Delivery Time, Food Quality, Overall Experience","Address late delivery and cold, tasteless food"
C096,Yonkers,98,Negative,"Delivery Time, Food Quality, Overall Experience","Address extremely long delivery times and inedible food"
C097,Huntington Beach,79,Negative,"Delivery Time, Food Quality, Overall Experience","Address incredibly slow delivery and cold food"
C098,Montgomery,82,Negative,"Delivery Time, Food Quality, Overall Experience","Address late delivery and cold, bland food"
C099,Amarillo,77,Negative,"Delivery Time, Food Quality, Overall Experience","Address late delivery and poor food quality"
C100,Little Rock,31,Positive,"Delivery Time, Food Quality, Overall Experience","Maintain great food and fast delivery service"